Var1	Freq
1	Acidimicrobium	1
2	Acidipropionibacterium	12
3	Acidothermus	1
4	Actinoalloteichus	5
5	Actinobacteria	8
6	Actinobaculum	1
7	Actinocatenispora	2
8	Actinomadura	2
9	Actinomarinicola	1
10	Actinomyces	29
11	Actinomycetaceae	1
12	Actinoplanes	10
13	Actinopolyspora	1
14	Actinosynnema	4
15	Actinotalea	1
16	Actinotignum	1
17	Adlercreutzia	3
18	Aeromicrobium	5
19	Agreia	1
20	Agrococcus	2
21	Agromyces	6
22	Alloactinosynnema	1
23	Amycolatopsis	17
24	Aquiluna	1
25	Arachnia	7
26	Arcanobacterium	5
27	Arsenicicoccus	1
28	Arthrobacter	34
29	Atopobiaceae	1
30	Atopobium	1
31	Aurantimicrobium	3
32	Auritidibacter	1
33	Austwickia	1
34	Baekduia	1
35	Berryella	1
36	Beutenbergia	1
37	Bifidobacterium	186
38	Blastococcus	1
39	Boudabousia	1
40	Brachybacterium	8
41	Brevibacterium	29
42	Brevilactibacter	1
43	Candidatus	19
44	Catellatospora	1
45	Catenulispora	1
46	Cellulomonas	13
47	Cellulosimicrobium	7
48	Chryseoglobus	2
49	Citricoccus	1
50	Clavibacter	19
51	Cnuibacter	1
52	Collinsella	6
53	Conexibacter	1
54	Coriobacterium	1
55	Corynebacterium	325
56	Cryobacterium	4
57	Cryptobacterium	1
58	Curtobacterium	11
59	Cutibacterium	34
60	Denitrobacterium	1
61	Dermabacter	3
62	Dermacoccus	3
63	Dermatophilus	1
64	Devriesea	1
65	Diaminobutyricimonas	1
66	Dietzia	6
67	Eggerthella	4
68	Eggerthellaceae	1
69	Egibacter	1
70	Egicoccus	1
71	Epidermidibacterium	1
72	Euzebya	1
73	Fannyhessea	1
74	Flaviflexus	3
75	Frankia	5
76	Frigoribacterium	1
77	Frondihabitans	2
78	Gardnerella	7
79	Geodermatophilaceae	1
80	Geodermatophilus	1
81	Georgenia	3
82	Glaciihabitans	1
83	Glutamicibacter	8
84	Gordonia	25
85	Gordonibacter	4
86	Gryllotalpicola	1
87	Herbiconiux	1
88	Hoyosella	1
89	Humibacter	2
90	Ilumatobacter	1
91	Intrasporangium	2
92	Isoptericola	2
93	Janibacter	5
94	Jonesia	4
95	Kibdelosporangium	1
96	Kineococcus	1
97	Kitasatospora	5
98	Kocuria	14
99	Kribbella	2
100	Kutzneria	2
101	Kytococcus	3
102	Lancefieldella	1
103	Lawsonella	2
104	Leifsonia	5
105	Lentzea	1
106	Leucobacter	8
107	Luteimicrobium	1
108	Luteipulveratus	1
109	Marisediminicola	1
110	Microbacteriaceae	1
111	Microbacterium	56
112	Microcella	1
113	Micrococcales	1
114	Micrococcus	15
115	Microlunatus	3
116	Micromonospora	12
117	Micromonosporaceae	1
118	Micropruina	1
119	Microterricola	1
120	Miltoncostaea	2
121	Miniimonas	1
122	Mobilicoccus	1
123	Mobiluncus	3
124	Modestobacter	2
125	Mumia	1
126	Mycetocola	2
127	Mycobacterium	520
128	Mycolicibacillus	1
129	Mycolicibacter	6
130	Mycolicibacterium	62
131	Nakamurella	3
132	Natronoglycomyces	1
133	Neomicrococcus	1
134	Nesterenkonia	2
135	Nocardia	24
136	Nocardioidaceae	1
137	Nocardioides	35
138	Nocardiopsaceae	1
139	Nocardiopsis	11
140	Nonomuraea	3
141	Oerskovia	1
142	Olsenella	5
143	Ornithinimicrobium	5
144	Paenarthrobacter	6
145	Paeniglutamicibacter	1
146	Parascardovia	1
147	Parolsenella	1
148	Phoenicibacter	2
149	Phycicoccus	2
150	Phytohabitans	2
151	Pimelobacter	1
152	Plantactinospora	3
153	Plantibacter	2
154	Polymorphospora	1
155	Pontimonas	1
156	Prauserella	1
157	Propionibacterium	37
158	Propionimicrobium	1
159	Protaetiibacter	2
160	Pseudactinotalea	1
161	Pseudarthrobacter	9
162	Pseudoclavibacter	1
163	Pseudonocardia	11
164	Psychromicrobium	1
165	Raineyella	1
166	Rathayibacter	14
167	Renibacterium	3
168	Rhodococcus	78
169	Rhodoluna	4
170	Rothia	18
171	Ruania	3
172	Rubrobacter	6
173	Saccharomonospora	2
174	Saccharopolyspora	7
175	Saccharothrix	3
176	Salinibacterium	6
177	Salinispora	2
178	Sanguibacter	2
179	Scardovia	1
180	Schaalia	9
181	Segniliparus	1
182	Serinicoccus	4
183	Sinomonas	1
184	Skermania	1
185	Slackia	2
186	Stackebrandtia	1
187	Streptacidiphilus	3
188	Streptomonospora	1
189	Streptomyces	314
190	Streptosporangium	1
191	Subtercola	1
192	Tessaracoccus	9
193	Tetrasphaera	1
194	Thermobifida	2
195	Thermobispora	2
196	Thermomonospora	2
197	Tomitella	2
198	Tropheryma	2
199	Trueperella	16
200	Tsukamurella	4
201	Verrucosispora	1
202	Xylanimicrobium	1
203	Xylanimonas	2
